2y54bc,I am a hiring manager AMA!,I am a hiring manager for a company and I am here to answer any questions you might have and give tips on interviewing.,http://www.reddit.com/r/AMA/comments/2y54bc/i_am_a_hiring_manager_ama/,Thedutchmen67,,21,62
2y5l95,"Hi, I am Lorenzo Hagerty, host of the Psychedelic Salon podcasts, and for the next few hours I will be here for you to Ask Me Anything (AMA).","You'll find the AMA here on /r/MDMATherapy: http://www.reddit.com/r/mdmatherapy/comments/2y5fes/hi_i_am_lorenzo_hagerty_host_of_the_psychedelic/

Peace",http://www.reddit.com/r/AMA/comments/2y5l95/hi_i_am_lorenzo_hagerty_host_of_the_psychedelic/,DimitriK,,6,1
2y6r4j,"I'm 19 and I've attempted suicide twice, AMA.","I'm a 19 year old gal, and two years ago I attempted suicide via overdose.

The first time I did it, I managed to not get locked away in a mental hospital but received an antidote. 

The second time, I was admitted to a group home with other mentally ill girls.

I'm now in college! Ask me things!",http://www.reddit.com/r/AMA/comments/2y6r4j/im_19_and_ive_attempted_suicide_twice_ama/,vanillalavenderlove,,1,4
2y5icg,Grocery store manager AMA,,http://www.reddit.com/r/AMA/comments/2y5icg/grocery_store_manager_ama/,cfd2126,,4,18
2y3bom,"I'm a Lecturer in CS at Georgia Tech, AMA!","By popular request...well, ok, one user asked for it....post your questions for me.",http://www.reddit.com/r/AMA/comments/2y3bom/im_a_lecturer_in_cs_at_georgia_tech_ama/,summetj,,47,42
2y3mr2,Gary Indiana Resident (as requested),I was raised in gary and left when i was 21 for the navy AMA! (Im white),http://www.reddit.com/r/AMA/comments/2y3mr2/gary_indiana_resident_as_requested/,RonPaulBot1128,,25,13
2y2npi,I'm quitting smoking..on my third day of Cold Turkey..AMA,I am a pack a day smoker of 7 years on his first quit attempt. This is day three of no nicotine and I'm in a shitty mood.  If you want advice...ask I guess. ,http://www.reddit.com/r/AMA/comments/2y2npi/im_quitting_smokingon_my_third_day_of_cold/,JayT2010,,49,124
2y5z98,I told my coworker that I was on a boat even though he was sitting right next to me at my desk. AMA,,http://www.reddit.com/r/AMA/comments/2y5z98/i_told_my_coworker_that_i_was_on_a_boat_even/,bstempi,,2,10
2y32um,I'm an AppTrail thru-hiker who launched a meal on-the-go that provides 1/3 of your daily nutrition. AMA.,"I quit the accounting job to travel for a few years, cycle tour New Zealand and thru-hike the AT. I needed a meal on-the-go that was convenient, healthy and filling. With the help of a food scientist, I launched Greenbelly. We were successfully funded in 36 hours. Still a lot of work to do though!! Ask Me Anything.
https://www.kickstarter.com/projects/1169741882/greenbelly-complete-meal-on-the-go",http://www.reddit.com/r/AMA/comments/2y32um/im_an_apptrail_thruhiker_who_launched_a_meal/,chrisrcage,,29,20
2y3gwi,"I've seen a lot of people with misconceptions about Australia. I'm Australian and bored, AMA!",,http://www.reddit.com/r/AMA/comments/2y3gwi/ive_seen_a_lot_of_people_with_misconceptions/,ozmate77,,19,64
2y5m17,IMA Request: any seller/customer on Pawn Stars.,"Questions 
1.was there a waiting list to get to the counter? 
2. Are you happy with the deal? 
3. What were you selling? 
4. Did they edit out any dialog that would have made the deal more interesting?
5. What was the item you tried/sold? 

Any more behind the scenes info you may have would be great to hear. 
I",http://www.reddit.com/r/AMA/comments/2y5m17/ima_request_any_sellercustomer_on_pawn_stars/,RogerWaterZ,,0,2
2y6qz9,im drunk,it took me 10 kmi9jntutrs tp do the ncthe cahpathca,http://www.reddit.com/r/AMA/comments/2y6qz9/im_drunk/,asdfashfiohadasdfasd,,0,8
2y3mbs,Round 2: I toured with Cirque du Soliel between age 9 and 11. AMA!!!,"Dunno if round 2's are allowed, but if not I'm sure this will be deleted. 

My mom's partner was the clown in the show Varekai, and we toured with her around the United States and lived in 15 different cities during this time.",http://www.reddit.com/r/AMA/comments/2y3mbs/round_2_i_toured_with_cirque_du_soliel_between/,Cyberpunk_93,,13,3
2y5v4n,I have a plan to end terrorism in the middle east,,http://www.reddit.com/r/AMA/comments/2y5v4n/i_have_a_plan_to_end_terrorism_in_the_middle_east/,ahmed199725,,0,12
2y0o16,I am a 24 year old who graduated highschool out of my car and is now successful AMA,"Figured I would see if anyone is interested in my story. when I was 15 my alcoholic mother sent me to my fathers house, where I went from doing anything I wanted to being told I had to go to sleep at 9 o'clock at night. Obviously it did not clash well, got into some trouble and lived in my car for 3 years, and graduated highschool. I then moved to California and partied like crazy, moved back home fell into a job selling cars by a regular customer at the pizza place I delivered it at five years later I am an account manager for a software company making great money still with no college degree. Much more to the story ask me anything.",http://www.reddit.com/r/AMA/comments/2y0o16/i_am_a_24_year_old_who_graduated_highschool_out/,LostNwoods,,68,40
2y0xz3,I'm a filmmaker doing a documentary about the exotic pet trade industry in the continent.,"Ask me anything about animal rehabilitation, the exotic pet trade industry in Canada and the United States and why I am against the trade of Wildlife! :) 
www.Wildlifecaptive.com ",http://www.reddit.com/r/AMA/comments/2y0xz3/im_a_filmmaker_doing_a_documentary_about_the/,WildlifeCaptive,,33,9
2y0kph,"Seen a lot of people with misconceptions about the UK. I'm English and bored, AMA!",,http://www.reddit.com/r/AMA/comments/2y0kph/seen_a_lot_of_people_with_misconceptions_about/,Funkicus,,45,195
2y18fe,I am a 14 year old published author that goes to a technology school - AMA,"My name is Emerson and I live in Ohio. On July 19, 2014, my first book - And Then There Were Two - was published (you can find it at http://m.barnesandnoble.com/w/and-then-there-were-two-emerson-gifford/1119891351?ean=9781621375296). It was a big moment in my life but right after,  I decided to switch to a STEM (Science Technology Engineering and Math) school. This school has a strict dress code,  because so many people from all over the world visit because it is so new and different. Last week we had 3 men from Japan visit. We get all of our funding from Battelle,  Google, and Bill Gates (We are an extension of the Ohio State University too).",http://www.reddit.com/r/AMA/comments/2y18fe/i_am_a_14_year_old_published_author_that_goes_to/,AtomicEmerson,,17,11
2y4uut,Music video two guys get record that makes people dance and destroy marketplace,"Hi today about 10 my brain told me he wants to listen that one song... long story short. After 4h of searching i not even a step closer. Im looking for music video with 2 guys, they receive tape when they listen to it they start to dance and destory everythink around. Then they go to the marketplace when they let people listen to that song and they start dance too. At the end they destroy whole marketplace and goes to jail. ",http://www.reddit.com/r/AMA/comments/2y4uut/music_video_two_guys_get_record_that_makes_people/,Sangelek,,0,3
2y2t74,"I am an Apple Care Tier 1 adviser. I troubleshoot CPU's, iPhones/ios, and apple ID's. AMA",I have been working for apple for the past two years as a tech support rep over the phone. Originally I started as a CPU adviser and have been cross trained to ios. I have also been begged to go to the tier 2 level (Or senior adviser). Feel free to AMA,http://www.reddit.com/r/AMA/comments/2y2t74/i_am_an_apple_care_tier_1_adviser_i_troubleshoot/,[deleted],,3,27
2y4h3z,"I'm an Only Child, AMA","Title says it :P , I'm 16 years old and I live with my mom and dad, no siblings, AMA :)",http://www.reddit.com/r/AMA/comments/2y4h3z/im_an_only_child_ama/,ElvishBlackSmith,,0,16
2y4bpm,"I'm a stand up comedian in Las Vegas, AMA",Whatcha wanna know?,http://www.reddit.com/r/AMA/comments/2y4bpm/im_a_stand_up_comedian_in_las_vegas_ama/,noahfischel,,0,2
2y49fa,I'm stuck in the friendzone forever! Or am I? AMA,"I've fallen in love, with quite a few girls who've all said I'm just a friend for them, so they decided that we could become bestfriends. I'm now loving someone (it's been two years), I've given her everything, was the only one who stuck with her when his guy left him alone,  fought for her when her half of our school hated her for winning a pageant, wrote two dozen open-when envelopes for her, and she calls me ""baby"" but says that it's just a 'friendly' name, no feelings attached, and that I'm just a friend. We're very, very close to each other. We stay up 'til 3 am to talk, and we talk for hours on end every day. We went to the mall one time and she hugged me. I held her hand and she held on it tighter. And the list of all the reasons I can say she's in love with me goes on and on, but all of that is disproved every time she says I'm just a friend. Ask me anything!",http://www.reddit.com/r/AMA/comments/2y49fa/im_stuck_in_the_friendzone_forever_or_am_i_ama/,frvr21,,0,4
2y205j,I am an illegal alien living in the United States. Ask me anything,I was brought here at the age of 5. Not by choice. Ask away,http://www.reddit.com/r/AMA/comments/2y205j/i_am_an_illegal_alien_living_in_the_united_states/,LOLotelli,,2,43
2y3kz8,"I'm a 15 year old Argentine kid who writes sports articles for a news site, AMA!",,http://www.reddit.com/r/AMA/comments/2y3kz8/im_a_15_year_old_argentine_kid_who_writes_sports/,Mans27,,1,2
